file,length in pixels
4-COF7-22:50Behnam.jpg,519
2-COF7-12:50Behnam.jpg,519
1-COF7-6:50Behnam.jpg,519
3-COF7-17:50Behnam.jpg,519
1-COF5-5:50Behnam.jpg,522
4-COF5-21:50Behnam.jpg,519
2-COF5-11:50Behnam.jpg,519
3-COF5-16:50Behnam.jpg,519
1-COF2-6:50Behnam.jpg,519
3-COF2-17:50Behnam.jpg,519
4-COF2-22:50Behnam.jpg,519
2-COF2-11:50Behnam.jpg,519
3-COF1-16:50Behnam.jpg,519
2-COF1-10:50Behnam.jpg,518
1-COF1-4:50Behnam.jpg,519
4-COF1-21:50Behnam.jpg,519
2-COF3-11:50Behnam.jpg,519
3-COF3-17:50Behnam.jpg,519
1-COF3-5:50Behnam.jpg,519
4-COF3-22:50Behnam.jpg,519
4-COF4-21:50Behnam.jpg,519
1-COF4-5:50Behnam.jpg,519
3-COF4-15:50Behnam.jpg,519
2-COF4-11:50Behnam.jpg,519
3-COF6-16:50Behnam.jpg,519
2-COF6-10:50Behnam.jpg,519
4-COF6-22:50Behnam.jpg,519
1-COF6-4:50Behnam.jpg,519
3-CO3-14:50PreBeh.jpg,517
4-CO3-20:50PreBeh.jpg,517
2-CO3-8:50PreBeh.jpg,517
1-CO3-3:50PreBeh.jpg,517
3-CO5-15:50Behnam.jpg,517
1-CO5-4:50Behnam.jpg,517
2-CO5-10:50Behnam.jpg,517
4-CO5-21:50Behnam.jpg,517
2-CO1-10:50Behnam.jpg,519
4-CO1-22:50Behnam.jpg,519
1-CO1-4:50Behnam.jpg,519
3-CO1-15:50Behnam.jpg,519
1-CO6-4:50Behnam.jpg,517
2-CO6-10:50Behnam.jpg,517
3-CO6-16:50Behnam.jpg,517
4-CO6-21:50Behnam.jpg,517
1-CO4-1:50Post.jpg,521
4-CO4-18:50Behnam.jpg,517
3-CO4-12:50Behnam.jpg,518
2-CO4-6:50Behnam.jpg,518
2-CO2RR-10:50Behnam.jpg,519
1-CO2RR-5:50Behnam.jpg,519
3-CO2RR-16:50Behnam.jpg,519
4-CO2RR-22:50Behnam.jpg,519
3-COF6B-15:50BehnamPost.jpg,521
1-COF6B-4:50BehnamPost.jpg,521
2-COF6B-10:50BehnamPost.jpg,521
4-COF6B-21:50BehnamPost.jpg,521
2-COF1B-8:50BehnamPost.jpg,523
4-COF1B-19:50BehnamPost.jpg,523
3-COF1B-13:50BehnamPost.jpg,523
1-COF1B-2:50BehnamPost.jpg,523
4-COF7B-21:50BehnamPost.jpg,521
3-COF7B-16:50BehnamPost.jpg,521
1-COF7B-5:50BehnamPost.jpg,521
2-COF7B-11:50BehnamPost.jpg,521
4-COF4B-20:50BehnamPost.jpg,521
2-COF4B-10:50BehnamPost.jpg,521
1-COF4B-4:50BehnamPost.jpg,521
3-COF4B-15:50BehnamPost.jpg,521
3-COF5B-17:50BehnamPost.jpg,521
4-COF5B-22:50BehnamPost.jpg,521
1-COF5B-6:50BehnamPost.jpg,521
2-COF5B-11:50BehnamPost.jpg,521
2-COF3B-10:50BehnamPost.jpg,521
4-COF3B-21:50BehnamPost.jpg,521
1-COF3B-4:50BehnamPost.jpg,521
3-COF3B-15:50BehnamPost.jpg,521
4-COF2B-21:50BehnamPost.jpg,521
3-COF2B-16:50BehnamPost.jpg,521
2-COF2B-10:50BehnamPost.jpg,521
1-COF2B-5:50BehnamPost.jpg,521
2-COM2B-11:50Behnam.jpg,521
1-COM2B-5:50Behnam.jpg,521
4-COM2B-22:50Behnam.jpg,521
3-COM2B-17:50Behnam.jpg,521
1-COM1B-2:50Behnam.jpg,521
3-COM1B-14:50Behnam.jpg,521
4-COM1B-21:50Behnam.jpg,521
2-COM1B-9:50Behnam.jpg,521
3-COM6B-15:50Behnam.jpg,521
2-COM6B-9:50Behnam.jpg,521
4-COM6B-20:50Behnam.jpg,521
1-COM6B-4:50Behnam.jpg,521
3-COM3B-15:50Behnam.jpg,521
4-COM3B-21:50Behnam.jpg,521
1-COM3B-2:50Behnam.jpg,521
2-COM3B-9:50Behnam.jpg,521
3-COM4B-16:50Behnam.jpg,521
2-COM4B-10:50Behnam.jpg,521
1-COM4B-5:50Behnam.jpg,521
4-COM4B-22:50Behnam.jpg,521
2-COM5B-9:50Behnam.jpg,521
1-COM5B-3:50Behnam.jpg,521
4-COM5B-20:50Behnam.jpg,521
3-COM5B-15:50Behnam.jpg,521
3-WF6B-16:50Beh-Post.jpg,521
2-WF6B-10:50Beh-Post.jpg,521
1-WF6B-4:50Beh-Post.jpg,521
4-WF6B-20:50Beh-Post.jpg,521
1-WF3B-4:50Beh-Post.jpg,521
2-WF3B-10:50Beh-Post.jpg,521
3-WF3B-16:50Beh-Post.jpg,521
4-WF3B-22:50Beh-Post.jpg,521
3-WF2B-16:50Beh-Post.jpg,523
4-WF2B-22:50Beh-Post.jpg,523
2-WF2B-11:50Beh-Post.jpg,523
1-WF2B-5:50Beh-Post.jpg,523
2-WF4B-9:50Beh-Post.jpg,521
1-WF4B-3:50Beh-Post.jpg,521
4-WF4B-21:50Beh-Post.jpg,521
3-WF4B-15:50Beh-Post.jpg,521
2-WF5B-9:50Beh-Post.jpg,521
4-WF5B-22:50Beh-Post.jpg,521
3-WF5B-16:50Beh-Post.jpg,521
1-WF5B-4:50Beh-Post.jpg,521
1-WF1B-4:50Beh-Post.jpg,521
4-WF1B-21:50Beh-Post.jpg,521
2-WF1B-10:50Beh-Post.jpg,521
3-WF1B-15:50Beh-Post.jpg,521
4-WM6B-20:50-BehnamPost.jpg,525
3-WM6B-14:50-BehnamPost.jpg,525
2-WM6B-8:50-BehnamPost.jpg,525
1-WM6B-4:50-BehnamPost.jpg,525
1-WM4B-4:50-BehnamPost.jpg,525
4-WM4B-22:50-BehnamPost.jpg,525
3-WM4B-16:50-BehnamPost.jpg,525
2-WM4B-10:50-BehnamPost.jpg,525
3-WM2B-15:50-BehnamPost.jpg,525
1-WM2B-4:50-BehnamPost.jpg,525
4-WM2B-21:50-BehnamPost.jpg,525
2-WM2B-9:50-BehnamPost.jpg,525
3-WM9B-16:50-BehnamPost.jpg,525
4-WM9B-22:50-BehnamPost.jpg,525
2-WM9B-10:50-BehnamPost.jpg,525
1-WM9B-6:50-BehnamPost.jpg,525
4-WM3B-22:50-BehnamPost.jpg,517
2-WM3B-9:50-BehnamPost.jpg,517
3-WM3B-15:50-BehnamPost.jpg,517
1-WM3B-3:50-BehnamPost.jpg,525
2-WM1B-9:50-BehnamPost.jpg,525
1-WM1B-3:50-BehnamPost.jpg,525
3-WM1B-15:50-BehnamPost.jpg,525
4-WM1B-21:50-BehnamPost.jpg,525
2-WM8B-9:50-BehnamPost.jpg,523
3-WM8B-16:50-BehnamPost.jpg,523
4-WM8B-22:50-BehnamPost.jpg,523
1-WM8B-5:50-BehnamPost.jpg,523
4-FCWF5-22:50Behnam.jpg,519
2-FCWF5-9:50Behnam.jpg,519
1-FCWF5-3:50Behnam.jpg,519
3-FCWF5-16:50Behnam.jpg,519
4-FCWF2-21:50Behnam.jpg,519
3-FCWF2-16:50Behnam.jpg,519
2-FCWF2-10:50Behnam.jpg,519
1-FCWF2-5:50Behnam.jpg,519
4-FCWF3-22:50Behnam.jpg,519
2-FCWF3-10:50Behnam.jpg,519
3-FCWF3-16:50Behnam.jpg,522
1-FCWF3-4:50Behnam.jpg,524
3-FCWF6-11:50Behnam.jpg,519
4-FCWF6-18:50Behnam.jpg,519
2-FCWF6-5:50Behnam.jpg,519
1-FCWF6-1:50Behnam.jpg,519
3-FCWF4-12:50Behnam.jpg,519
2-FCWF4-6:50Behnam.jpg,519
1-FCWF4-1:50Behnam.jpg,519
4-FCWF4-18:50Behnam.jpg,519
3-FCWF1-16:50Behnam.jpg,519
1-FCWF1-5:50Behnam.jpg,519
4-FCWF1-21:50Behnam.jpg,519
2-FCWF1-10:50Behnam.jpg,519
1-FCWM4-2:50Behnam.jpg,517
4-FCWM4-21:50Behnam.jpg,518
2-FCWM4-8:50Behnam.jpg,517
3-FCWM4-15:50Behnam.jpg,518
1-FCWM9-1:50Behnam.jpg,518
2-FCWM9-4:50Behnam.jpg,518
4-FCWM9-17:50Behnam.jpg,519
3-FCWM9-10:50Behnam.jpg,518
4-FCWM6-17:50Behnam.jpg,518
3-FCWM6-11:50Behnam.jpg,519
2-FCWM6-5:50Behnam.jpg,518
1-FCWM6-1:50Behnam.jpg,519
4-FCWM1-21:50Behnam.jpg,519
3-FCWM1-16:50Behnam.jpg,519
1-FCWM1-4:50Behnam.jpg,519
2-FCWM1-10:50Behnam.jpg,519
4-FCWM8-18:50Behnam.jpg,516
3-FCWM8-12:50Behnam.jpg,516
1-FCWM8-1:50Behnam.jpg,516
2-FCWM8-5:50Behnam.jpg,516
2-FCWM3-9:50Behnam.jpg,518
4-FCWM3-22:50Behnam.jpg,518
3-FCWM3-16:50Behnam.jpg,518
1-FCWM3-3:50Behnam.jpg,518
2-FCWM2-9:50Behnam.jpg,518
3-FCWM2-14:50Behnam.jpg,518
4-FCWM2-20:50Behnam.jpg,518
1-FCWM2-3:50Behnam.jpg,518
1.COF7-2:16.jpg,181
3.COF7-10:16.jpg,181
4.COF7-15:16.jpg,181
2.COF7-7:16.jpg,181
2.COF5-7:16.jpg,181
3.COF5-10:16.jpg,181
4.COF5-14:16.jpg,181
1.COF5-3:16.jpg,181
2.COF2-7:16.jpg,181
3.COF2-12:16.jpg,181
1.COF2-3:16.jpg,181
4.COF2-15:16.jpg,181
1.COF1-3:16.jpg,181
4.COF1-15:16.jpg,181
3.COF1-12:16.jpg,181
2.COF1-7:16.jpg,181
2.COF3-7:16.jpg,181
1.COF3-3:16.jpg,181
4.COF3-15:16.jpg,181
3.COF3-11:16.jpg,181
1.COF4-3:16.jpg,181
3.COF4-11:16.jpg,181
4.COF4-15:16.jpg,181
2.COF4-7:16.jpg,181
3.COF6-11:16.jpg,181
1.COF6-3:16.jpg,181
4.COF6-15:16.jpg,181
2.COF6-6:16.jpg,181
1.CO3-3:16.jpg,181
4.CO3-15:16.jpg,181
2.CO3-8:16.jpg,181
3.CO3-11:16.jpg,181
3.CO5-11:16.jpg,181
1.CO5-3:16.jpg,181
2.CO5-7:16.jpg,181
4.CO5-15:16.jpg,181
2.CO1-7:16.jpg,181
1.CO1-3:16.jpg,181
3.CO1-11:16.jpg,181
4.CO1-15:16.jpg,181
1.CO6-1:16.jpg,181
4.CO6-15:16.jpg,181
3.CO6-11:16.jpg,181
2.CO6-7:16.jpg,181
3.CO4-11:16.jpg,181
1.CO4-3:16.jpg,181
2.CO4-7:16.jpg,181
4.CO4-15:16.jpg,181
2.CO2RR-7:16.jpg,181
4.CO2RR-15:16.jpg,181
1.CO2RR-3:16.jpg,181
3.CO2RR-11:16.jpg,181
1.COF6B-3:16.jpg,367
4.COF6B-15:16.jpg,367
3.COF6B-11:16.jpg,367
2.COF6B-7:16.jpg,367
2.COF1B-7:16.jpg,369
3.COF1B-11:16.jpg,369
1.COF1B-2:16.jpg,369
4.COF1B-15:16.jpg,369
3.COF7B-10:16.jpg,367
1.COF7B-3:16.jpg,367
2.COF7B-7:16.jpg,367
4.COF7B-16:16.jpg,367
4.COF4B-15:16.jpg,369
1.COF4B-3:16.jpg,369
2.COF4B-7:16.jpg,369
3.COF4B-10:16.jpg,369
2.COF5B-7:16.jpg,367
4.COF5B-15:16.jpg,367
1.COF5B-3:16.jpg,367
3.COF5B-11:16.jpg,367
4.COF3B-14:16.jpg,369
2.COF3B-7:16.jpg,369
3.COF3B-10:16.jpg,369
1.COF3B-2:16.jpg,369
2.COF2B-7:16.jpg,369
4.COF2B-15:16.jpg,369
1.COF2B-4:16.jpg,369
3.COF2B-11:16.jpg,369
1.COM2B-3:16.jpg,369
2.COM2B-7:16.jpg,369
3.COM2B-11:16.jpg,369
4.COM2B-15:16.jpg,369
2.COM1B-7:16.jpg,369
1.COM1B-2:16.jpg,369
3.COM1B-11:16.jpg,369
4.COM1B-15:16.jpg,370
4.COM6B-15:16.jpg,369
3.COM6B-11:16.jpg,368
1.COM6B-3:16.jpg,369
2.COM6B-6:16.jpg,369
3.COM3B-10:16.jpg,369
2.COM3B-6:16.jpg,369
4.COM3B-14:16.jpg,369
1.COM3B-3:16.jpg,369
4.COM4B-15:16.jpg,369
1.COM4B-3:16.jpg,369
2.COM4B-7:16.jpg,369
3.COM4B-11:16.jpg,369
2.CO5B-7:16.jpg,367
1.CO5B-3:16.jpg,367
4.CO5B-15:16.jpg,369
3.CO5B-11:16.jpg,367
1.WF6B-2:16.jpg,367
4.WF6B-13:16.jpg,367
3.WF6B-10:16.jpg,367
2.WF6B-6:16.jpg,367
2.WF3B-7:16.jpg,367
1.WF3B-2:16.jpg,367
3.WF3B-10:16.jpg,367
4.WF3B-14:16.jpg,367
3.WF2B-11:16.jpg,368
1.WF2B-3:16.jpg,368
2.WF2B-7:16.jpg,368
4.WF2B-15:16.jpg,367
2.WF4B-9:50.jpg,521
4.WF4B-21:50.jpg,518
3.WF4B-15:50.jpg,521
1.WF4B-3:50.jpg,521
1.WF5B-3:16.jpg,525
2.WF5B-7:16.jpg,525
4.WF5B-15:16.jpg,526
3.WF5B-11:16.jpg,526
4.WF1B-14:16.jpg,367
1.WF1B-3:16.jpg,367
3.WF1B-11:16.jpg,367
2.WF1B-7:16.jpg,367
3.WM8B-10:16.jpg,367
2.WM8B-7:16.jpg,367
4.WM8B-14:16.jpg,367
1.WM8B-3:16.jpg,367
3.WM02B-11:16.jpg,367
1.WM02B-3:16.jpg,367
2.WM02B-6:16.jpg,367
4.WM02B-14:16.jpg,367
3.WM1B-10:16.jpg,369
1.WM1B-3:16.jpg,369
2.WM1B-7:16.jpg,369
4.WM1B-14:16.jpg,369
3.WM9B-11:16.jpg,369
4.WM9B-15:16.jpg,369
2.WM9B-8:16.jpg,369
1.WM9B-3:16.jpg,369
1.WM6B-2:16.jpg,364
3.WM6B-11:16.jpg,365
2.WM6B-7:16.jpg,365
4.WM6B-14:16.jpg,365
1.WM4B-3:16.jpg,367
3.WM4B-10:16.jpg,367
4.WM4B-14:16.jpg,367
2.WM4B-7:16.jpg,367
1.WM3B-3:16.jpg,367
2.WM3B-6:16.jpg,367
4.WM3B-14:16.jpg,367
3.WM3B-11:16.jpg,367
1.FCWF5-2:16.jpg,369
2.FCWF5-7:16.jpg,369
4.FCWF5-15:16.jpg,369
3.FCWF5-11:16.jpg,369
2.FCWF2-7:16.jpg,369
3.FCWF2-11:16.jpg,369
1.FCWF2-3:16.jpg,369
4.FCWF2-14:16.jpg,369
1.FCWF3-2:16.jpg,369
2.FCWF3-6:16.jpg,369
4.FCWF3-14:16.jpg,369
3.FCWF3-10:16.jpg,369
4.FCWF6-15:16.jpg,369
1.FCWF6-3:16.jpg,369
3.FCWF6-11:16.jpg,369
2.FCWF6-7:16.jpg,369
3.REWF4-11:16PreBeh.jpg,369
4.REWF4-15:16PreBeh.jpg,370
1.REWF4-2:16PreBeh.jpg,369
2.REWF4-6:16PreBeh.jpg,369
1.FCWF1-2:16.jpg,599
2.FCWF1-6:16.jpg,599
4.FCWF1-14:16.jpg,599
3.FCWF1-10:16.jpg,599
4.FCWM02-14:16.jpg,390
2.FCWM02-6:16.jpg,390
3.FCWM02-11:16.jpg,390
1.FCWM02-3:16.jpg,390
2.FCWM6-7:16.jpg,359
4.FCWM6-14:16.jpg,359
3.FCWM6-11:16.jpg,359
1.FCWM6-2:16.jpg,367
2.FCWM1-7:16.jpg,369
1.FCWM1-3:16.jpg,369
3.FCWM1-11:16.jpg,369
4.FCWM1-14:16.jpg,369
4.FCWM8-14:16.jpg,367
1.FCWM8-4:16.jpg,367
3.FCWM8-10:16.jpg,367
2.FCWM8-7:16.jpg,367
3.FCWM9-11:16.jpg,367
4.FCWM9-14:16.jpg,367
1.FCWM9-3:16.jpg,367
2.FCWM9-6:16.jpg,367
1.FCWM3-3:16.jpg,369
3.FCWM3-11:16.jpg,369
2.FCWM3-6:16.jpg,368
4.FCWM3-14:16.jpg,369
3.FCWM4-11:16.jpg,367
4.FCWM4-15:16.jpg,367
1.FCWM4-3:16.jpg,367
2.FCWM4-7:16.jpg,367
3-COF7-11:16RepBeh.jpg,367
1-COF7-2:16RepBeh.jpg,367
4-COF7-15:16RepBeh.jpg,367
2-COF7-7:16RepBeh.jpg,367
3-COF5-14:16RepBeh.jpg,369
2-COF5-7:16RepBeh.jpg,369
1-COF5-3:16RepBeh.jpg,369
3-COF5-10:16RepBeh.jpg,369
4-COF2-15:16RepBeh.jpg,367
2-COF2-6:16RepBeh.jpg,367
1-COF2-3:16RepBeh.jpg,367
3-COF2-12:16RepBeh.jpg,367
1-COF1-3:16RepBeh.jpg,369
2-COF1-7:16RepBeh.jpg,369
3-COF1-12:16RepBeh.jpg,369
4-COF1-15:16RepBeh.jpg,369
2-COF3-7:16RepBeh.jpg,369
3-COF3-11:16RepBeh.jpg,369
1-COF3-3:16RepBeh.jpg,369
4-COF3-15:16RepBeh.jpg,369
3-COF4-10:16RepBeh.jpg,369
2-COF4-7:16RepBeh.jpg,369
1-COF4-3:16RepBeh.jpg,369
4-COF4-15:16RepBeh.jpg,369
4-COF6-15:16RepBeh.jpg,369
3-COF6-11:16RepBeh.jpg,369
2-COF6-6:16RepBeh.jpg,369
1-COF6-3:16RepBeh.jpg,369
1-CO3-3:16RepBeh.jpg,367
3-CO3-11:16RepBeh.jpg,367
4-CO3-15:16RepBeh.jpg,367
2-CO3-8:16RepBeh.jpg,367
4-CO5-15:16RepBeh.jpg,369
2-CO5-6:16RepBeh.jpg,369
3-CO5-11:16RepBeh.jpg,369
1-CO5-3:16RepBeh.jpg,369
1-CO1-3:16RepBeh.jpg,369
2-CO1-7:16RepBeh.jpg,369
4-CO1-15:16RepBeh.jpg,369
3-CO1-11:16RepBeh.jpg,369
1-CO6-1:16RepBeh.jpg,369
3-CO6-11:16RepBeh.jpg,369
4-CO6-15:16RepBeh.jpg,369
2-CO6-7:16RepBeh.jpg,369
1-CO4-2:16RepBeh.jpg,369
2-CO4-7:16RepBeh.jpg,369
3-CO4-11:16RepBeh.jpg,369
4-CO4-15:16RepBeh.jpg,369
1-CO2RR-3:16RepBeh.jpg,367
3-CO2RR-11:16RepBeh.jpg,367
2-CO2RR-7:16RepBeh.jpg,367
4-CO2RR-14:16RepBeh.jpg,367
4-COF6B-15:16RepBeh.jpg,369
2-COF6B-7:16RepBeh.jpg,369
1-COF6B-3:16RepBeh.jpg,369
3-COF6B-10:16RepBeh.jpg,369
4-COF1B-15:16RepBeh.jpg,370
3-COF1B-11:16RepBeh.jpg,370
2-COF1B-7:16RepBeh.jpg,370
1-COF1B-2:16RepBeh.jpg,369
4-COF7B-16:16RepBeh.jpg,369
3-COF7B-10:16RepBeh.jpg,369
1-COF7B-3:16RepBeh.jpg,369
2-COF7B-7:16RepBeh.jpg,369
2-COF4B-7:16RepBeh.jpg,367
1-COF4B-3:16RepBeh.jpg,369
4-COF4B-14:16RepBeh.jpg,369
3-COF4B-10:16RepBeh.jpg,369
4-COF5B-15:16RepBeh.jpg,369
1-COF5B-3:16RepBeh.jpg,369
2-COF5B-7:16RepBeh.jpg,369
3-COF5B-11:16RepBeh.jpg,369
1-COF3B-2:16RepBeh.jpg,369
2-COF3B-7:16RepBeh.jpg,369
4-COF3B-14:16RepBeh.jpg,369
3-COF3B-10:16RepBeh.jpg,369
1-COF2B-4:16RepBeh.jpg,369
3-COF2B-11:16RepBeh.jpg,370
2-COF2B-7:16RepBeh.jpg,369
4-COF2B-15:16RepBeh.jpg,369
2-COM2B-7:16RepBeh.jpg,369
3-COM2B-11:16RepBeh.jpg,369
1-COM2B-3:16RepBeh.jpg,369
4-COM2B-15:16RepBeh.jpg,369
4-COM1B-15:16RepBeh.jpg,369
1-COM1B-2:16RepBeh.jpg,369
2-COM1B-7:16RepBeh.jpg,369
3-COM1B-11:16RepBeh.jpg,369
1-COM6B-3:16RepBeh.jpg,369
3-COM6B-11:16RepBeh.jpg,369
4-COM6B-15:16RepBeh.jpg,369
2-COM6B-6:16RepBeh.jpg,369
2-COM3B-6:16RepBeh.jpg,369
4-COM3B-14:16RepBeh.jpg,369
3-COM3B-10:16RepBeh.jpg,369
1-COM3B-3:16RepBeh.jpg,369
3-COM4B-11:16RepBeh.jpg,365
2-COM4B-7:16RepBeh.jpg,365
1-COM4B-3:16RepBeh.jpg,365
4-COM4B-15:16RepBeh.jpg,365
1-COM5B-3:16RepBeh.jpg,369
4-COM5B-15:16RepBeh.jpg,367
2-COM5B-7:16RepBeh.jpg,368
3-COM5B-11:16RepBeh.jpg,368
1-WF6B-3:16RepBeh.jpg,369
2-WF6B-6:16RepBeh.jpg,369
3-WF6B-10:16RepBeh.jpg,369
4-WF6B-13:16RepBeh.jpg,370
1-WF3B-2:16RepBeh.jpg,369
4-WF3B-14:16RepBeh.jpg,369
3-WF3B-10:16RepBeh.jpg,369
2-WF3B-7:16RepBeh.jpg,369
1-WF2B-3:16RepBeh.jpg,369
2-WF2B-7:16RepBeh.jpg,369
4-WF2B-15:16RepBeh.jpg,369
3-WF2B-11:16RepBeh.jpg,369
3-WF4B-15:50RepPre.jpg,521
1-WF4B-3:50RepPre.jpg,521
4-WF4B-21:50RepPre.jpg,521
2-WF4B-9:50RepPre.jpg,521
1-WF5B-3:16RepBeh.jpg,369
3-WF5B-11:16RepBeh.jpg,369
4-WF5B-15:16RepBeh.jpg,369
2-WF5B-7:16RepBeh.jpg,369
3-WF1B-11:16RepBeh.jpg,369
4-WF1B-14:16RepBeh.jpg,369
2-WF1B-7:16RepBeh.jpg,369
1-WF1B-3:16RepBeh.jpg,369
2-WM6B-7:16RepPre.jpg,370
1-WM6B-2:16RepBeh.jpg,369
3-WM6B-11:16RepPre.jpg,370
4-WM6B-14:16RepPre.jpg,370
4-WM4B-14:16RepBeh.jpg,369
3-WM4B-10:16RepBeh.jpg,369
2-WM4B-7:16RepBeh.jpg,369
1-WM4B-3:16RepBeh.jpg,369
4-WM2B-14:16RepBeh.jpg,368
3-WM2B-11:16RepBeh.jpg,368
1-WM2B-3:16RepBeh.jpg,368
2-WM2B-7:16RepBeh.jpg,368
1-WM9B-3:16RepBeh.jpg,370
4-WM9B-15:16RepBeh.jpg,370
3-WM9B-11:16RepBeh.jpg,369
2-WM9B-8:16RepBeh.jpg,369
1-WM3B-3:16RepBeh.jpg,369
3-WM3B-11:16RepBeh.jpg,369
2-WM3B-6:16RepBeh.jpg,369
4-WM3B-14:16RepBeh.jpg,369
3-WM1B-10:16RepBeh.jpg,370
1-WM1B-3:16RepBeh.jpg,369
4-WM1B-14:16RepBeh.jpg,370
2-WM1B-7:16RepBeh.jpg,369
4-WM8B-14:16RepBeh.jpg,369
1-WM8B-3:16RepBeh.jpg,369
2-WM8B-6:16RepBeh.jpg,369
3-WM8B-10:16RepBeh.jpg,369
1-WF5-2:16RepBeh.jpg,365
3-WF5-11:16RepBeh.jpg,365
2-WF5-7:16RepBeh.jpg,365
4-WF5-15:16RepBeh.jpg,365
2-WF2-7:16RepBeh.jpg,369
4-WF2-14:16RepBeh.jpg,369
1-WF2-4:16RepBeh.jpg,369
3-WF2-11:16RepBeh.jpg,369
1-WF3-2:16RepBeh.jpg,369
3-WF3-10:16RepBeh.jpg,369
4-WF3-14:16RepBeh.jpg,369
2-WF3-6:16RepBeh.jpg,369
2-WF6-7:16RepBeh.jpg,369
1-WF6-3:16RepBeh.jpg,369
4-WF6-15:16RepBeh.jpg,369
3-WF6-11:16RepBeh.jpg,369
1-WF4RE-2:16RepBeh.jpg,369
4-WF4RE-15:16RepBeh.jpg,369
3-WF4RE-11:16RepBeh.jpg,369
2-WF4RE-6:16RepBeh.jpg,369
1-WF1-2:16RepBeh.jpg,365
4-WF1-14:16RepBeh.jpg,365
3-WF1-10:16RepBeh.jpg,365
2-WF1-6:16RepBeh.jpg,365
2-WM4-7:16RepBeh.jpg,367
1-WM4-3:16RepBeh.jpg,367
4-WM4-15:16RepBeh.jpg,367
3-WM4-11:16RepBeh.jpg,367
3-WM9-11:16RepBeh.jpg,369
2-WM9-6:16RepBeh.jpg,369
1-WM9-3:16RepBeh.jpg,369
4-WM9-14:16RepBeh.jpg,369
4-WM6-14:16RepBeh.jpg,365
3-WM6-11:16RepBeh.jpg,365
2-WM6-7:16RepBeh.jpg,365
1-WM6-2:16RepBeh.jpg,365
2-WM1-7:16RepBeh.jpg,369
1-WM1-3:16RepBeh.jpg,369
4-WM1-14:16RepBeh.jpg,369
3-WM1-10:16RepBeh.jpg,369
2-WM8-7:16RepBeh.jpg,369
1-WM8-3:16RepBeh.jpg,369
3-WM8-10:16RepBeh.jpg,369
4-WM8-14:16RepBeh.jpg,369
3-WM3-11:16RepBeh.jpg,369
2-WM3-6:16RepBeh.jpg,369
4-WM3-14:16RepBeh.jpg,369
1-WM3-3:16RepBeh.jpg,369
4-WM2-14:16RepBeh.jpg,391
2-WM2-6:16RepBeh.jpg,391
1-WM2-3:16RepBeh.jpg,391
3-WM2-11:16RepBeh.jpg,391
4-COF7-22:50Rep-Beh.jpg,519
1-COF7-6:50Rep-Beh.jpg,519
3-COF7-17:50Rep-Beh.jpg,519
2-COF7-12:50Rep-Beh.jpg,519
3-COF5-16:50Rep-Beh.jpg,519
2-COF5-11:50Rep-Beh.jpg,519
4-COF5-21:50Rep-Beh.jpg,519
1-COF5-5:50Rep-Beh.jpg,519
3-COF2-17:50Rep-Beh.jpg,520
4-COF2-22:50Rep-Beh.jpg,520
2-COF2-12:50Rep-Beh.jpg,520
1-COF2-6:50Rep-Beh.jpg,520
4-COF1-21:50Rep-Beh.jpg,519
3-COF1-16:50Rep-Beh.jpg,519
1-COF1-4:50Rep-Beh.jpg,519
2-COF1-10:50Rep-Beh.jpg,519
4-COF3-22:50Rep-Beh.jpg,520
2-COF3-11:50Rep-Beh.jpg,519
3-COF3-17:50Rep-Beh.jpg,519
1-COF3-5:50Rep-Beh.jpg,519
1-COF4-5:50Rep-Beh.jpg,519
4-COF4-21:50Rep-Beh.jpg,519
3-COF4-15:50Rep-Beh.jpg,519
2-COF4-10:50Rep-Beh.jpg,519
2-COF6-10:50Rep-Beh.jpg,519
3-COF6-16:50Rep-Beh.jpg,519
4-COF6-21:50Rep-Beh.jpg,519
1-COF6-5:50Rep-Beh.jpg,519
4-CO3-20:50RepBeh.jpg,519
1-CO3-3:50RepBeh.jpg,519
2-CO3-8:50RepBeh.jpg,519
3-CO3-14:50RepBeh.jpg,519
1-CO5-4:50Rep-Beh.jpg,520
2-CO5-10:50Rep-Beh.jpg,520
3-CO5-15:50Rep-Beh.jpg,520
4-CO5-21:50Rep-Beh.jpg,520
3-CO1-15:50Rep-Beh.jpg,519
2-CO1-10:50Rep-Beh.jpg,519
1-CO1-4:50Rep-Beh.jpg,519
4-CO1-22:50Rep-Beh.jpg,519
4-CO6-21:50Rep-Beh.jpg,519
1-CO6-4:50Rep-Beh.jpg,519
2-CO6-10:50Rep-Beh.jpg,519
3-CO6-16:50Rep-Beh.jpg,519
3-CO4-12:50Rep-Beh.jpg,520
4-CO4-18:50Rep-Beh.jpg,519
2-CO4-6:50Rep-Beh.jpg,520
1-CO4-1:50Rep-Beh.jpg,519
4-CO2RR-22:50Rep-Beh.jpg,519
1-CO2RR-5:50Rep-Beh.jpg,519
3-CO2RR-16:50Rep-Beh.jpg,519
2-CO2RR-10:50Rep-Beh.jpg,520
3-COF6B-16:50RepBeh.jpg,521
1-COF6B-4:50RepBeh.jpg,521
4-COF6B-21:50RepBeh.jpg,521
2-COF6B-10:50RepBeh.jpg,521
4-COF1B-19:50RepBeh.jpg,521
2-COF1B-8:50RepBeh.jpg,521
1-COF1B-2:50RepBeh.jpg,521
3-COF1B-14:50RepBeh.jpg,521
4-COF7B-21:50RepBeh.jpg,525
2-COF7B-10:50RepBeh.jpg,525
1-COF7B-5:50RepBeh.jpg,525
3-COF7B-16:50RepBeh.jpg,525
2-COF4B-9:50RepBeh.jpg,521
4-COF4B-20:50RepBeh.jpg,521
1-COF4B-4:50RepBeh.jpg,521
3-COF4B-15:50RepBeh.jpg,521
1-COF5B-6:50RepBeh.jpg,520
4-COF5B-22:50RepBeh.jpg,520
3-COF5B-17:50RepBeh.jpg,520
2-COF5B-11:50RepBeh.jpg,520
4-COF3B-21:50RepBeh.jpg,521
3-COF3B-15:50RepBeh.jpg,521
2-COF3B-10:50RepBeh.jpg,521
1-COF3B-4:50RepBeh.jpg,521
2-COF2B-10:50RepBeh.jpg,521
1-COF2B-5:50RepBeh.jpg,521
4-COF2B-21:50RepBeh.jpg,521
3-COF2B-16:50RepBeh.jpg,521
2-COM2B-11:50RepBeh.jpg,521
1-COM2B-5:50RepBeh.jpg,521
4-COM2B-22:50RepBeh.jpg,521
3-COM2B-17:50RepBeh.jpg,521
1-COM1B-2:50RepBeh.jpg,521
3-COM1B-14:50RepBeh.jpg,521
4-COM1B-21:50RepBeh.jpg,521
2-COM1B-9:50RepBeh.jpg,521
4-COM6B-20:50RepBeh.jpg,521
2-COM6B-9:50RepBeh.jpg,521
1-COM6B-4:50RepBeh.jpg,521
3-COM6B-15:50RepBeh.jpg,521
3-COM3B-15:50RepBeh.jpg,521
2-COM3B-9:50RepBeh.jpg,521
4-COM3B-21:50RepBeh.jpg,521
1-COM3B-2:50RepBeh.jpg,521
2-COM4B-10:50RepBeh.jpg,519
4-COM4B-22:50RepBeh.jpg,519
3-COM4B-16:50RepBeh.jpg,519
1-COM4B-5:50RepBeh.jpg,519
4-COM5B-20:50RepBeh.jpg,519
3-COM5B-15:50RepBeh.jpg,519
1-COM5B-3:50RepBeh.jpg,519
2-COM5B-9:50RepBeh.jpg,519
4-WF6B-20:50RepBeh.jpg,519
1-WF6B-4:50RepBeh.jpg,519
2-WF6B-10:50RepBeh.jpg,519
3-WF6B-16:50RepBeh.jpg,519
3-WF3B-16:50RepBeh.jpg,521
4-WF3B-22:50RepBeh.jpg,521
1-WF3B-4:50RepBeh.jpg,521
2-WF3B-10:50RepBeh.jpg,521
3-WF2B-16:50RepBeh.jpg,520
2-WF2B-11:50RepBeh.jpg,520
1-WF2B-5:50RepBeh.jpg,520
4-WF2B-22:50RepBeh.jpg,520
4-WF4B-21:50RepBeh.jpg,521
3-WF4B-15:50RepBeh.jpg,521
2-WF4B-9:50RepBeh.jpg,521
1-WF4B-3:50RepBeh.jpg,521
2-WF5B-9:50RepBeh.jpg,520
3-WF5B-15:50RepBeh.jpg,520
1-WF5B-4:50RepBeh.jpg,520
4-WF5B-22:50RepBeh.jpg,520
2-WF1B-10:50RepBeh.jpg,520
1-WF1B-4:50RepBeh.jpg,520
3-WF1B-15:50RepBeh.jpg,520
4-WF1B-21:50RepBeh.jpg,520
4-WM6B-20:50RepBeh.jpg,521
1-WM6B-4:50RepBeh.jpg,521
3-WM6B-14:50RepBeh.jpg,521
2-WM6B-8:50RepBeh.jpg,521
3-WM4B-16:50RepBeh.jpg,520
4-WM4B-22:50RepBeh.jpg,520
1-WM4B-3:50RepBeh.jpg,520
2-WM4B-10:50RepBeh.jpg,520
3-WM2B-15:50RepBeh.jpg,520
2-WM2B-10:50RepBeh.jpg,520
4-WM2B-21:50RepBeh.jpg,520
1-WM2B-4:50RepBeh.jpg,520
4-WM9B-22:50RepBeh.jpg,520
2-WM9B-10:50RepBeh.jpg,520
1-WM9B-6:50RepBeh.jpg,520
3-WM9B-16:50RepBeh.jpg,520
1-WM3B-3:50RepBeh.jpg,520
4-WM3B-22:50RepBeh.jpg,520
3-WM3B-15:50RepBeh.jpg,520
2-WM3B-9:50RepBeh.jpg,520
3-WM1B-15:50RepBeh.jpg,519
4-WM1B-21:50RepBeh.jpg,519
1-WM1B-3:50RepBeh.jpg,519
2-WM1B-9:50RepBeh.jpg,519
3-WM8B-16:50RepBeh.jpg,518
2-WM8B-9:50RepBeh.jpg,518
1-WM8B-5:50RepBeh.jpg,518
4-WM8B-22:50RepBeh.jpg,518
4-FCWF5-22:50Beh-Rep.jpg,519
3-FCWF5-16:50Beh-Rep.jpg,519
2-FCWF5-9:50Beh-Rep.jpg,519
1-FCWF5-3:50Beh-Rep.jpg,519
4-FCWF2-21:50Beh-Rep.jpg,519
2-FCWF2-10:50Beh-Rep.jpg,519
1-FCWF2-4:50Beh-Rep.jpg,519
3-FCWF2-16:50Beh-Rep.jpg,519
2-FCWF3-10:50Beh-Rep.jpg,519
3-FCWF3-16:50Beh-Rep.jpg,520
1-FCWF3-4:50Beh-Rep.jpg,520
4-FCWF3-22:50Beh-Rep.jpg,520
4-FCWF6-21:50Beh-Rep.jpg,519
1-FCWF6-5:50Beh-Rep.jpg,519
3-FCWF6-17:50Beh-Rep.jpg,519
2-FCWF6-11:50Beh-Rep.jpg,519
2-FCWF4-6:50Beh-Rep.jpg,520
1-FCWF4-1:50Beh-Rep.jpg,519
3-FCWF4-12:50Beh-Rep.jpg,519
4-FCWF4-18:50Beh-Rep.jpg,519
4-FCWF1-21:50Beh-Rep.jpg,519
2-FCWF1-10:50Beh-Rep.jpg,519
1-FCWF1-5:50Beh-Rep.jpg,519
3-FCWF1-16:50Beh-Rep.jpg,519
4-FCWM4-21:50Beh-Rep.jpg,519
2-FCWM4-9:50Beh-Rep.jpg,519
1-FCWM4-2:50Beh-Rep.jpg,519
3-FCWM4-15:50Beh-Rep.jpg,519
2-FCWM9-4:50Beh-Rep.jpg,519
3-FCWM9-10:50Beh-Rep.jpg,519
1-FCWM9-1:50Beh-Rep.jpg,519
4-FCWM9-16:50Beh-Rep.jpg,519
1-FCWM6-1:50Beh-Rep.jpg,520
4-FCWM6-17:50Beh-Rep.jpg,519
3-FCWM6-11:50Beh-Rep.jpg,519
2-FCWM6-5:50Beh-Rep.jpg,519
1-FCWM1-4:50Beh-Rep.jpg,519
4-FCWM1-21:50Beh-Rep.jpg,519
2-FCWM1-10:50Beh-Rep.jpg,519
3-FCWM1-16:50Beh-Rep.jpg,519
1-FCWM8-1:50Beh-Rep.jpg,515
3-FCWM8-12:50Beh-Rep.jpg,515
2-FCWM8-5:50Beh-Rep.jpg,515
4-FCWM8-18:50Beh-Rep.jpg,515
1-FCWM3-3:50Beh-Rep.jpg,519
2-FCWM3-9:50Beh-Rep.jpg,519
4-FCWM3-22:50Beh-Rep.jpg,520
3-FCWM3-16:50Beh-Rep.jpg,519
2-FCWM2-9:50Beh-Rep.jpg,520
3-FCWM2-14:50Beh-Rep.jpg,519
4-FCWM2-20:50Beh-Rep.jpg,519
1-FCWM2-3:50Beh-Rep.jpg,519
